<?xml version = '1.0' encoding = 'UTF-8'?>
<Table class="oracle.dbtools.crest.model.design.relational.Table" directorySegmentName="seg_0" id="2D5C3331-638F-211B-6392-4749F580BC24" name="ESTADO_SOLICITUD">
<createdBy>benja</createdBy>
<createdTime>2025-05-01 20:28:22 UTC</createdTime>
<generatorID>6A75E610-E7F9-D6BA-54C7-F56500D904C2</generatorID>
<ownerDesignName>SIGEM</ownerDesignName>
<allowColumnReorder>false</allowColumnReorder>
<existDependencyGenerateInDDl>true</existDependencyGenerateInDDl>
<parsed>true</parsed>
<columns itemClass="oracle.dbtools.crest.model.design.relational.Column">
<Column name="id_estado_solicitud" id="46E7E5C8-1673-CC2F-CBE8-ECE79F8A1B2B">
<createdBy>benja</createdBy>
<createdTime>2025-05-01 20:28:22 UTC</createdTime>
<generatorID>91F6FCD5-C787-375D-534E-3C5C1C47D8DC</generatorID>
<ownerDesignName>SIGEM</ownerDesignName>
<useDomainConstraints>false</useDomainConstraints>
<use>1</use>
<logicalDatatype>LOGDT011</logicalDatatype>
<ownDataTypeParameters>,,</ownDataTypeParameters>
<autoIncrementCycle>false</autoIncrementCycle>
</Column>
<Column name="estado_solicitud" id="BB5D8ABC-7AB5-05BB-1F5D-8731040AC7C2">
<createdBy>benja</createdBy>
<createdTime>2025-05-01 20:28:22 UTC</createdTime>
<generatorID>C8DEBD4F-AC4C-71EB-4AFD-6A001241A819</generatorID>
<ownerDesignName>SIGEM</ownerDesignName>
<useDomainConstraints>false</useDomainConstraints>
<use>1</use>
<logicalDatatype>LOGDT024</logicalDatatype>
<dataTypeSize>50</dataTypeSize>
<ownDataTypeParameters>50,,</ownDataTypeParameters>
<autoIncrementCycle>false</autoIncrementCycle>
</Column>
<Column name="SOLICITUD_id_solicitud" id="D2649884-02F8-B1D0-9566-D81E003110FB">
<createdBy>benja</createdBy>
<createdTime>2025-05-01 20:28:22 UTC</createdTime>
<generatorID>0B7023DA-D0BB-A543-B16E-FD6EE2E1B85F</generatorID>
<ownerDesignName>SIGEM</ownerDesignName>
<useDomainConstraints>false</useDomainConstraints>
<use>1</use>
<logicalDatatype>LOGDT011</logicalDatatype>
<ownDataTypeParameters>,,</ownDataTypeParameters>
<previousColumn>false</previousColumn>
<autoIncrementCycle>false</autoIncrementCycle>
<associations>
<colAssociation fkAssociation="C89C1101-ADF8-CBED-D314-B5295E2EF049" referredColumn="9C2E30E1-36AE-7A21-6EE4-9557CF51EC39"/>
</associations>
</Column>
</columns>
<indexes itemClass="oracle.dbtools.crest.model.design.relational.Index">
<ind_PK_UK id="17DABC6E-6ED8-F59A-4EBE-2BB5E8AC6F49" name="ESTADO_SOLICITUD_PK">
<createdBy>benja</createdBy>
<createdTime>2025-05-01 20:28:22 UTC</createdTime>
<generatorID>CF384788-5447-8CD6-469D-5E82531669D1</generatorID>
<ownerDesignName>SIGEM</ownerDesignName>
<pk>true</pk>
<indexState>Primary Constraint</indexState>
<isSurrogateKey>false</isSurrogateKey>
<indexColumnUsage>
<colUsage columnID="46E7E5C8-1673-CC2F-CBE8-ECE79F8A1B2B"/>
</indexColumnUsage>
</ind_PK_UK>
<ind_PK_UK id="4737904A-9DE4-1F8F-93A6-4618FE267E0B" name="ESTADO_SOLICITUD_SOLICITUD_FK">
<createdBy>benja</createdBy>
<createdTime>2025-05-01 20:28:22 UTC</createdTime>
<generatorID>F1623239-C897-F802-3BAB-A717A8D04F21</generatorID>
<ownerDesignName>SIGEM</ownerDesignName>
<indexState>Foreign Key</indexState>
<isSurrogateKey>false</isSurrogateKey>
<indexColumnUsage>
<colUsage columnID="D2649884-02F8-B1D0-9566-D81E003110FB"/>
</indexColumnUsage>
</ind_PK_UK>
</indexes>
</Table>