<?xml version = '1.0' encoding = 'UTF-8'?>
<Table class="oracle.dbtools.crest.model.design.relational.Table" directorySegmentName="seg_0" id="7D953CA8-5230-BF51-E275-E7881AB98735" name="CATEGORIA">
<createdBy>benja</createdBy>
<createdTime>2025-05-01 20:28:22 UTC</createdTime>
<generatorID>87C2E664-AFFC-7BF6-646D-12F112F977B7</generatorID>
<ownerDesignName>SIGEM</ownerDesignName>
<allowColumnReorder>false</allowColumnReorder>
<existDependencyGenerateInDDl>true</existDependencyGenerateInDDl>
<parsed>true</parsed>
<columns itemClass="oracle.dbtools.crest.model.design.relational.Column">
<Column name="id_categoria" id="FE6CA867-F32A-0F2B-7C9F-B6EA90ABAC70">
<createdBy>benja</createdBy>
<createdTime>2025-05-01 20:28:22 UTC</createdTime>
<generatorID>26BBE15C-55C3-BE32-ECCA-2AF26E6EBA98</generatorID>
<ownerDesignName>SIGEM</ownerDesignName>
<useDomainConstraints>false</useDomainConstraints>
<use>1</use>
<logicalDatatype>LOGDT011</logicalDatatype>
<ownDataTypeParameters>,,</ownDataTypeParameters>
<autoIncrementCycle>false</autoIncrementCycle>
</Column>
<Column name="nom_categoria" id="86EAA49C-DBE4-329B-0E8B-745C5997809B">
<createdBy>benja</createdBy>
<createdTime>2025-05-01 20:28:22 UTC</createdTime>
<generatorID>E4DBEA07-6F61-274B-4745-A0949DD542AF</generatorID>
<ownerDesignName>SIGEM</ownerDesignName>
<useDomainConstraints>false</useDomainConstraints>
<use>1</use>
<logicalDatatype>LOGDT024</logicalDatatype>
<dataTypeSize>50</dataTypeSize>
<ownDataTypeParameters>50,,</ownDataTypeParameters>
<autoIncrementCycle>false</autoIncrementCycle>
</Column>
<Column name="stock_actual" id="C7F49248-15BE-118E-33A4-6739AB420F20">
<createdBy>benja</createdBy>
<createdTime>2025-05-01 20:28:22 UTC</createdTime>
<generatorID>C66E54E6-4A21-4583-CFB2-B9CDFFA7FD43</generatorID>
<ownerDesignName>SIGEM</ownerDesignName>
<useDomainConstraints>false</useDomainConstraints>
<use>1</use>
<logicalDatatype>LOGDT011</logicalDatatype>
<ownDataTypeParameters>,,</ownDataTypeParameters>
<autoIncrementCycle>false</autoIncrementCycle>
</Column>
</columns>
<indexes itemClass="oracle.dbtools.crest.model.design.relational.Index">
<ind_PK_UK id="0230524F-BC2A-5409-2692-5D1D29C9082B" name="CATEGORIA_PK">
<createdBy>benja</createdBy>
<createdTime>2025-05-01 20:28:22 UTC</createdTime>
<generatorID>31B50854-BE38-8D59-8AC2-B77BB759338A</generatorID>
<ownerDesignName>SIGEM</ownerDesignName>
<pk>true</pk>
<indexState>Primary Constraint</indexState>
<isSurrogateKey>false</isSurrogateKey>
<indexColumnUsage>
<colUsage columnID="FE6CA867-F32A-0F2B-7C9F-B6EA90ABAC70"/>
</indexColumnUsage>
</ind_PK_UK>
</indexes>
</Table>