<?xml version = '1.0' encoding = 'UTF-8'?>
<Table class="oracle.dbtools.crest.model.design.relational.Table" directorySegmentName="seg_0" id="CDCF7166-1421-4DB9-63FF-E16F475887B9" name="MARCA">
<createdBy>benja</createdBy>
<createdTime>2025-05-10 02:56:40 UTC</createdTime>
<generatorID>536E7826-FAD7-CC82-8335-0A752312F9EE</generatorID>
<ownerDesignName>SIGEM</ownerDesignName>
<allowColumnReorder>false</allowColumnReorder>
<existDependencyGenerateInDDl>true</existDependencyGenerateInDDl>
<parsed>true</parsed>
<columns itemClass="oracle.dbtools.crest.model.design.relational.Column">
<Column name="id_marca" id="C7BDEB85-339D-3DCB-0D43-714EA6E78FC6">
<createdBy>benja</createdBy>
<createdTime>2025-05-10 02:56:40 UTC</createdTime>
<generatorID>B2F36E6F-07B6-2F3F-6EC3-4EF752D1CF25</generatorID>
<ownerDesignName>SIGEM</ownerDesignName>
<useDomainConstraints>false</useDomainConstraints>
<use>1</use>
<logicalDatatype>LOGDT011</logicalDatatype>
<ownDataTypeParameters>,,</ownDataTypeParameters>
<autoIncrementCycle>false</autoIncrementCycle>
</Column>
<Column name="nom_marca" id="12331446-65DE-202E-6547-62F79F3C7964">
<createdBy>benja</createdBy>
<createdTime>2025-05-10 02:56:40 UTC</createdTime>
<generatorID>E84F2D8D-868B-8CD9-42D2-BE3FEBD29C7C</generatorID>
<ownerDesignName>SIGEM</ownerDesignName>
<nullsAllowed>true</nullsAllowed>
<useDomainConstraints>false</useDomainConstraints>
<use>1</use>
<logicalDatatype>LOGDT024</logicalDatatype>
<dataTypeSize>50</dataTypeSize>
<ownDataTypeParameters>50,,</ownDataTypeParameters>
<autoIncrementCycle>false</autoIncrementCycle>
</Column>
</columns>
<indexes itemClass="oracle.dbtools.crest.model.design.relational.Index">
<ind_PK_UK id="6673A74D-C002-3252-EFD7-66855D58544C" name="MARCA_PK">
<createdBy>benja</createdBy>
<createdTime>2025-05-10 02:56:40 UTC</createdTime>
<generatorID>459EA514-3C39-A915-8634-CCF76A8D095D</generatorID>
<ownerDesignName>SIGEM</ownerDesignName>
<pk>true</pk>
<indexState>Primary Constraint</indexState>
<isSurrogateKey>false</isSurrogateKey>
<indexColumnUsage>
<colUsage columnID="C7BDEB85-339D-3DCB-0D43-714EA6E78FC6"/>
</indexColumnUsage>
</ind_PK_UK>
</indexes>
</Table>