<?xml version = '1.0' encoding = 'UTF-8'?>
<Table class="oracle.dbtools.crest.model.design.relational.Table" directorySegmentName="seg_0" id="F432FF6C-9D70-3B53-2A1E-BC971E6C6C21" name="MATERIAL">
<createdBy>benja</createdBy>
<createdTime>2025-05-01 20:28:22 UTC</createdTime>
<generatorID>C9033664-1621-E849-67FA-201140F77EDE</generatorID>
<ownerDesignName>SIGEM</ownerDesignName>
<allowColumnReorder>false</allowColumnReorder>
<existDependencyGenerateInDDl>true</existDependencyGenerateInDDl>
<parsed>true</parsed>
<columns itemClass="oracle.dbtools.crest.model.design.relational.Column">
<Column name="id_material" id="9525FC38-5823-443C-16BE-9917F5DDDBFA">
<createdBy>benja</createdBy>
<createdTime>2025-05-01 20:28:22 UTC</createdTime>
<generatorID>1C8BF002-E20D-61D0-C88E-57811B9F433B</generatorID>
<ownerDesignName>SIGEM</ownerDesignName>
<useDomainConstraints>false</useDomainConstraints>
<use>1</use>
<logicalDatatype>LOGDT011</logicalDatatype>
<ownDataTypeParameters>,,</ownDataTypeParameters>
<autoIncrementCycle>false</autoIncrementCycle>
</Column>
<Column name="nom_material" id="864E544C-5C44-3BF6-0012-D28794A8C4DD">
<createdBy>benja</createdBy>
<createdTime>2025-05-01 20:28:22 UTC</createdTime>
<generatorID>34092B22-F95F-6787-6344-937019926F56</generatorID>
<ownerDesignName>SIGEM</ownerDesignName>
<useDomainConstraints>false</useDomainConstraints>
<use>1</use>
<logicalDatatype>LOGDT024</logicalDatatype>
<dataTypeSize>50</dataTypeSize>
<ownDataTypeParameters>50,,</ownDataTypeParameters>
<autoIncrementCycle>false</autoIncrementCycle>
</Column>
<Column name="contenido_material" id="478A355D-E06D-5612-91C0-A5F987E880ED">
<createdBy>benja</createdBy>
<createdTime>2025-05-01 20:28:22 UTC</createdTime>
<commentInRDBMS><![CDATA[ejemplo si es solo un dron o un dron con su cargador, elice de repuesto y bateria intercambiable]]></commentInRDBMS>
<generatorID>9842E78E-2B5B-E1FF-874A-F2B41DB2952B</generatorID>
<ownerDesignName>SIGEM</ownerDesignName>
<useDomainConstraints>false</useDomainConstraints>
<use>1</use>
<logicalDatatype>LOGDT024</logicalDatatype>
<dataTypeSize>255</dataTypeSize>
<ownDataTypeParameters>255,,</ownDataTypeParameters>
<autoIncrementCycle>false</autoIncrementCycle>
</Column>
<Column name="img_material" id="03D15E47-1593-0E82-A90F-BC44333B9984">
<createdBy>benja</createdBy>
<createdTime>2025-05-01 20:28:22 UTC</createdTime>
<generatorID>34C4824B-445B-852A-3FEC-10DF82E01CB7</generatorID>
<ownerDesignName>SIGEM</ownerDesignName>
<useDomainConstraints>false</useDomainConstraints>
<use>1</use>
<logicalDatatype>LOGDT029</logicalDatatype>
<ownDataTypeParameters>,,</ownDataTypeParameters>
<autoIncrementCycle>false</autoIncrementCycle>
</Column>
<Column name="codigo_barra" id="F0B5DF3B-0E33-26C1-E820-E64723B8BA33">
<createdBy>benja</createdBy>
<createdTime>2025-05-01 20:28:22 UTC</createdTime>
<generatorID>D09DAAE5-F3C7-9988-2C9A-C43DC3F493BE</generatorID>
<ownerDesignName>SIGEM</ownerDesignName>
<nullsAllowed>true</nullsAllowed>
<useDomainConstraints>false</useDomainConstraints>
<use>1</use>
<logicalDatatype>LOGDT024</logicalDatatype>
<dataTypeSize>50</dataTypeSize>
<ownDataTypeParameters>50,,</ownDataTypeParameters>
<autoIncrementCycle>false</autoIncrementCycle>
</Column>
<Column name="modelo_material" id="D295C529-9B72-C187-C816-9227F36E15AE">
<createdBy>benja</createdBy>
<createdTime>2025-05-01 20:28:22 UTC</createdTime>
<generatorID>CB970585-1DD0-3F19-F7E9-8392F5581574</generatorID>
<ownerDesignName>SIGEM</ownerDesignName>
<nullsAllowed>true</nullsAllowed>
<useDomainConstraints>false</useDomainConstraints>
<use>1</use>
<logicalDatatype>LOGDT024</logicalDatatype>
<dataTypeSize>50</dataTypeSize>
<ownDataTypeParameters>50,,</ownDataTypeParameters>
<autoIncrementCycle>false</autoIncrementCycle>
</Column>
<Column name="color" id="F4E1EB01-6777-1055-27BF-AFBF375836A5">
<createdBy>benja</createdBy>
<createdTime>2025-05-01 20:28:22 UTC</createdTime>
<generatorID>370DA862-478C-300C-D62C-4D902BE5A67C</generatorID>
<ownerDesignName>SIGEM</ownerDesignName>
<nullsAllowed>true</nullsAllowed>
<useDomainConstraints>false</useDomainConstraints>
<use>1</use>
<logicalDatatype>LOGDT024</logicalDatatype>
<dataTypeSize>50</dataTypeSize>
<ownDataTypeParameters>50,,</ownDataTypeParameters>
<autoIncrementCycle>false</autoIncrementCycle>
</Column>
<Column name="fecha_compra" id="8FD57D9F-1F3A-2DBD-F183-4869BF38B6D3">
<createdBy>benja</createdBy>
<createdTime>2025-05-10 03:12:43 UTC</createdTime>
<generatorID>129FE5AC-74DC-1F95-F791-DC00AEB90D33</generatorID>
<ownerDesignName>SIGEM</ownerDesignName>
<nullsAllowed>true</nullsAllowed>
<useDomainConstraints>false</useDomainConstraints>
<use>1</use>
<logicalDatatype>LOGDT007</logicalDatatype>
<ownDataTypeParameters>,,</ownDataTypeParameters>
<autoIncrementCycle>false</autoIncrementCycle>
</Column>
<Column name="CATEGORIA_id_categoria" id="0FEC3776-ACF6-7388-509C-02B8FECA0A10">
<createdBy>benja</createdBy>
<createdTime>2025-05-01 20:28:22 UTC</createdTime>
<generatorID>A002A9D6-FD65-9F8C-0931-325B08F84581</generatorID>
<ownerDesignName>SIGEM</ownerDesignName>
<useDomainConstraints>false</useDomainConstraints>
<use>1</use>
<logicalDatatype>LOGDT011</logicalDatatype>
<ownDataTypeParameters>,,</ownDataTypeParameters>
<previousColumn>false</previousColumn>
<autoIncrementCycle>false</autoIncrementCycle>
<associations>
<colAssociation fkAssociation="CEE2D80A-488C-33C2-EBF5-860BDDE297BB" referredColumn="FE6CA867-F32A-0F2B-7C9F-B6EA90ABAC70"/>
</associations>
</Column>
<Column name="TIPO_MATERIAL_id_tipo_material" id="9BB2EB12-BE7A-A1AB-BF19-F8D90F3744F3">
<createdBy>benja</createdBy>
<createdTime>2025-05-01 20:28:22 UTC</createdTime>
<generatorID>582B8706-487D-85D8-6ECA-20F9E279F417</generatorID>
<ownerDesignName>SIGEM</ownerDesignName>
<useDomainConstraints>false</useDomainConstraints>
<use>1</use>
<logicalDatatype>LOGDT011</logicalDatatype>
<ownDataTypeParameters>,,</ownDataTypeParameters>
<previousColumn>false</previousColumn>
<autoIncrementCycle>false</autoIncrementCycle>
<associations>
<colAssociation fkAssociation="3E50A4F8-018C-A712-BCD4-071C1AD67B92" referredColumn="790305CF-905D-4150-E8B0-749181D91A5B"/>
</associations>
</Column>
<Column name="MARCA_id_marca" id="0D32EC6F-D435-5749-9DB9-1897FBBF71E1">
<createdBy>benja</createdBy>
<createdTime>2025-05-10 02:56:40 UTC</createdTime>
<generatorID>A9FA6CBE-80D1-41AF-9EBC-4B7C213B80C7</generatorID>
<ownerDesignName>SIGEM</ownerDesignName>
<useDomainConstraints>false</useDomainConstraints>
<use>1</use>
<logicalDatatype>LOGDT011</logicalDatatype>
<ownDataTypeParameters>,,</ownDataTypeParameters>
<previousColumn>false</previousColumn>
<autoIncrementCycle>false</autoIncrementCycle>
<associations>
<colAssociation fkAssociation="B7203893-F7F0-08A7-FDED-75D897D9B011" referredColumn="C7BDEB85-339D-3DCB-0D43-714EA6E78FC6"/>
</associations>
</Column>
</columns>
<indexes itemClass="oracle.dbtools.crest.model.design.relational.Index">
<ind_PK_UK id="E6BE273A-609D-230B-27AD-BCB0141CEB7F" name="MATERIAL_PK">
<createdBy>benja</createdBy>
<createdTime>2025-05-01 20:28:22 UTC</createdTime>
<generatorID>16938243-A031-07FA-90F7-DC1AB5E446DB</generatorID>
<ownerDesignName>SIGEM</ownerDesignName>
<pk>true</pk>
<indexState>Primary Constraint</indexState>
<isSurrogateKey>false</isSurrogateKey>
<indexColumnUsage>
<colUsage columnID="9525FC38-5823-443C-16BE-9917F5DDDBFA"/>
</indexColumnUsage>
</ind_PK_UK>
<ind_PK_UK id="AC7F09A0-6759-F609-8339-74AC6F0BB89B" name="MATERIAL_CATEGORIA_FK">
<createdBy>benja</createdBy>
<createdTime>2025-05-01 20:28:22 UTC</createdTime>
<generatorID>D01FE27D-22AE-48AC-4639-48FB395AFBA1</generatorID>
<ownerDesignName>SIGEM</ownerDesignName>
<indexState>Foreign Key</indexState>
<isSurrogateKey>false</isSurrogateKey>
<indexColumnUsage>
<colUsage columnID="0FEC3776-ACF6-7388-509C-02B8FECA0A10"/>
</indexColumnUsage>
</ind_PK_UK>
<ind_PK_UK id="29DB66E0-BDB3-142A-BEF9-CB6A94085B56" name="MATERIAL_TIPO_MATERIAL_FK">
<createdBy>benja</createdBy>
<createdTime>2025-05-01 20:28:22 UTC</createdTime>
<generatorID>876189B7-C497-5AAD-C568-51E2F8B19381</generatorID>
<ownerDesignName>SIGEM</ownerDesignName>
<indexState>Foreign Key</indexState>
<isSurrogateKey>false</isSurrogateKey>
<indexColumnUsage>
<colUsage columnID="9BB2EB12-BE7A-A1AB-BF19-F8D90F3744F3"/>
</indexColumnUsage>
</ind_PK_UK>
<ind_PK_UK id="9FE8AD83-BCB5-30AA-C65D-53295254B4CE" name="MATERIAL_MARCA_FK">
<createdBy>benja</createdBy>
<createdTime>2025-05-10 02:56:40 UTC</createdTime>
<generatorID>85C8DCB6-4A7B-ADBE-F4A6-F046D7A68D50</generatorID>
<ownerDesignName>SIGEM</ownerDesignName>
<indexState>Foreign Key</indexState>
<isSurrogateKey>false</isSurrogateKey>
<indexColumnUsage>
<colUsage columnID="0D32EC6F-D435-5749-9DB9-1897FBBF71E1"/>
</indexColumnUsage>
</ind_PK_UK>
</indexes>
</Table>