<?xml version = '1.0' encoding = 'UTF-8'?>
<Table class="oracle.dbtools.crest.model.design.relational.Table" directorySegmentName="seg_0" id="FF721632-5CC9-4866-CBEA-42E9044D817C" name="DETALLE_ESTADO">
<createdBy>benja</createdBy>
<createdTime>2025-05-10 02:40:05 UTC</createdTime>
<generatorID>BD41728F-5E4F-205D-995A-4FF25386AE97</generatorID>
<ownerDesignName>SIGEM</ownerDesignName>
<allowColumnReorder>false</allowColumnReorder>
<existDependencyGenerateInDDl>true</existDependencyGenerateInDDl>
<parsed>true</parsed>
<columns itemClass="oracle.dbtools.crest.model.design.relational.Column">
<Column name="id_detalle_estado" id="FC4DA595-0926-4A0B-9131-55243391F888">
<createdBy>benja</createdBy>
<createdTime>2025-05-10 02:40:05 UTC</createdTime>
<generatorID>D961890E-FAE8-45B0-DA0C-D683549EF4D1</generatorID>
<ownerDesignName>SIGEM</ownerDesignName>
<useDomainConstraints>false</useDomainConstraints>
<use>1</use>
<logicalDatatype>LOGDT011</logicalDatatype>
<ownDataTypeParameters>,,</ownDataTypeParameters>
<autoIncrementCycle>false</autoIncrementCycle>
</Column>
<Column name="fecha_cambio_estado" id="02F535D0-C8FE-7B29-EB6C-760043CBB634">
<createdBy>benja</createdBy>
<createdTime>2025-05-10 02:40:05 UTC</createdTime>
<generatorID>64C83638-68C9-7799-82D7-43C5DFC19569</generatorID>
<ownerDesignName>SIGEM</ownerDesignName>
<useDomainConstraints>false</useDomainConstraints>
<use>1</use>
<logicalDatatype>LOGDT015</logicalDatatype>
<dataTypePrecision>0</dataTypePrecision>
<ownDataTypeParameters>,0,</ownDataTypeParameters>
<autoIncrementCycle>false</autoIncrementCycle>
</Column>
<Column name="comentario_admin" id="DECB314A-39AF-5DE7-F2C0-9FFF2CF39239">
<createdBy>benja</createdBy>
<createdTime>2025-05-10 02:40:05 UTC</createdTime>
<generatorID>BB33863A-8C51-7DE0-9810-59C54D044FF3</generatorID>
<ownerDesignName>SIGEM</ownerDesignName>
<nullsAllowed>true</nullsAllowed>
<useDomainConstraints>false</useDomainConstraints>
<use>1</use>
<logicalDatatype>LOGDT024</logicalDatatype>
<dataTypeSize>255</dataTypeSize>
<ownDataTypeParameters>255,,</ownDataTypeParameters>
<autoIncrementCycle>false</autoIncrementCycle>
</Column>
<Column name="ESTADO_SOLICITUD_id_estado_solicitud" id="90D26993-EEAE-DBB0-5714-741D119BDFB2">
<createdBy>benja</createdBy>
<createdTime>2025-05-10 02:40:05 UTC</createdTime>
<generatorID>4AF200B6-51AC-299A-35C0-6819EDF2AD91</generatorID>
<ownerDesignName>SIGEM</ownerDesignName>
<useDomainConstraints>false</useDomainConstraints>
<use>1</use>
<logicalDatatype>LOGDT011</logicalDatatype>
<ownDataTypeParameters>,,</ownDataTypeParameters>
<previousColumn>false</previousColumn>
<autoIncrementCycle>false</autoIncrementCycle>
<associations>
<colAssociation fkAssociation="5BE875D5-4815-43CF-6048-6E68B02CF98E" referredColumn="46E7E5C8-1673-CC2F-CBE8-ECE79F8A1B2B"/>
</associations>
</Column>
<Column name="SOLICITUD_id_solicitud" id="6EF23481-4EC7-BC5C-AD79-8C19DB1769C2">
<createdBy>benja</createdBy>
<createdTime>2025-05-10 02:40:05 UTC</createdTime>
<generatorID>3948E712-8C44-D689-B909-610B859C748E</generatorID>
<ownerDesignName>SIGEM</ownerDesignName>
<useDomainConstraints>false</useDomainConstraints>
<use>1</use>
<logicalDatatype>LOGDT011</logicalDatatype>
<ownDataTypeParameters>,,</ownDataTypeParameters>
<previousColumn>false</previousColumn>
<autoIncrementCycle>false</autoIncrementCycle>
<associations>
<colAssociation fkAssociation="524EB3F9-6779-8B2A-0145-120A34389936" referredColumn="9C2E30E1-36AE-7A21-6EE4-9557CF51EC39"/>
</associations>
</Column>
<Column name="USUARIO_id_usuario" id="8DA5E75A-2788-A703-F67E-D0581CD24DC4">
<createdBy>benja</createdBy>
<createdTime>2025-05-10 02:40:05 UTC</createdTime>
<generatorID>263FBC77-40DE-F07B-2123-4983155FD122</generatorID>
<ownerDesignName>SIGEM</ownerDesignName>
<useDomainConstraints>false</useDomainConstraints>
<use>1</use>
<logicalDatatype>LOGDT011</logicalDatatype>
<ownDataTypeParameters>,,</ownDataTypeParameters>
<previousColumn>false</previousColumn>
<autoIncrementCycle>false</autoIncrementCycle>
<associations>
<colAssociation fkAssociation="91FF65A7-1813-CA4B-B8F8-0D936EED89AF" referredColumn="5D757010-50C2-32AD-D454-B6DF76E5FC11"/>
</associations>
</Column>
</columns>
<indexes itemClass="oracle.dbtools.crest.model.design.relational.Index">
<ind_PK_UK id="FF358FED-4FDA-B17E-E50D-84E27D39D4E0" name="DETALLE_SOLICITUD_PK">
<createdBy>benja</createdBy>
<createdTime>2025-05-10 02:40:05 UTC</createdTime>
<generatorID>B29B37CD-7111-D694-50CA-89452B94271E</generatorID>
<ownerDesignName>SIGEM</ownerDesignName>
<pk>true</pk>
<indexState>Primary Constraint</indexState>
<isSurrogateKey>false</isSurrogateKey>
<indexColumnUsage>
<colUsage columnID="FC4DA595-0926-4A0B-9131-55243391F888"/>
</indexColumnUsage>
</ind_PK_UK>
<ind_PK_UK id="988F302A-869D-0280-36CA-999AE31E7166" name="DETALLE_ESTADO_ESTADO_SOLICITUD_FK">
<createdBy>benja</createdBy>
<createdTime>2025-05-10 02:40:05 UTC</createdTime>
<generatorID>2450DC95-5B65-67BC-3A85-2BD74D1055CB</generatorID>
<ownerDesignName>SIGEM</ownerDesignName>
<indexState>Foreign Key</indexState>
<isSurrogateKey>false</isSurrogateKey>
<indexColumnUsage>
<colUsage columnID="90D26993-EEAE-DBB0-5714-741D119BDFB2"/>
</indexColumnUsage>
</ind_PK_UK>
<ind_PK_UK id="22446EA2-104C-ACCF-9519-C67E57BE9B29" name="DETALLE_ESTADO_SOLICITUD_FK">
<createdBy>benja</createdBy>
<createdTime>2025-05-10 02:40:05 UTC</createdTime>
<generatorID>A0FEC00E-DB11-9956-DDE3-30C296F1628F</generatorID>
<ownerDesignName>SIGEM</ownerDesignName>
<indexState>Foreign Key</indexState>
<isSurrogateKey>false</isSurrogateKey>
<indexColumnUsage>
<colUsage columnID="6EF23481-4EC7-BC5C-AD79-8C19DB1769C2"/>
</indexColumnUsage>
</ind_PK_UK>
<ind_PK_UK id="6E16D39E-6897-0D51-B833-E8525BAC0D1A" name="DETALLE_ESTADO_USUARIO_FK">
<createdBy>benja</createdBy>
<createdTime>2025-05-10 02:40:05 UTC</createdTime>
<generatorID>A3AF2A4C-4DA4-8109-7623-6485BA97D403</generatorID>
<ownerDesignName>SIGEM</ownerDesignName>
<indexState>Foreign Key</indexState>
<isSurrogateKey>false</isSurrogateKey>
<indexColumnUsage>
<colUsage columnID="8DA5E75A-2788-A703-F67E-D0581CD24DC4"/>
</indexColumnUsage>
</ind_PK_UK>
</indexes>
</Table>