<?xml version = '1.0' encoding = 'UTF-8'?>
<FKIndexAssociation class="oracle.dbtools.crest.model.design.relational.FKIndexAssociation" directorySegmentName="seg_0" id="2CB15686-D99F-4A21-81C8-F7C4DA7148B0" containerWithKeyObject="7E536F2E-5C5B-008E-A4FD-13CB1CB7526D" localFKIndex="7BFA82E1-3E13-4374-7278-48E17FC2DE31" name="USUARIO_ROL_FK">
<createdBy>benja</createdBy>
<createdTime>2025-05-01 20:28:22 UTC</createdTime>
<generatorID>42A857A0-148F-EFC7-CAAC-051762060E85</generatorID>
<ownerDesignName>SIGEM</ownerDesignName>
<referredTableLongName>ROL</referredTableLongName>
<deleteRule>NO ACTION</deleteRule>
<referredTableID>508ABB65-815B-DB43-A477-E72E69C1DEA4</referredTableID>
<keyObject>18D02FAC-82B4-44F5-5B5F-5F1CC96E2A4A</keyObject>
<referredKeyID>18D02FAC-82B4-44F5-5B5F-5F1CC96E2A4A</referredKeyID>
<mandatory>true</mandatory>
<refColNames>id_rol</refColNames>
<transferable>true</transferable>
<rely>false</rely>
<columnDependencyConstraintGenerateInDDL>true</columnDependencyConstraintGenerateInDDL>
</FKIndexAssociation>