<?xml version = '1.0' encoding = 'UTF-8'?>
<FKIndexAssociation class="oracle.dbtools.crest.model.design.relational.FKIndexAssociation" directorySegmentName="seg_0" id="4715814A-5C3F-9B2F-6668-9B3A8522E4DC" containerWithKeyObject="D16A929F-B79F-FB5F-BF6C-4DCF1EB485BE" localFKIndex="4281D47F-CC81-D148-4285-DF920D2B9E3D" name="SOLICITUD_MATERIAL_MATERIAL_FK">
<createdBy>benja</createdBy>
<createdTime>2025-05-01 20:28:22 UTC</createdTime>
<generatorID>89513E1E-CE52-E507-BEFD-5314FA68A489</generatorID>
<ownerDesignName>SIGEM</ownerDesignName>
<referredTableLongName>MATERIAL</referredTableLongName>
<deleteRule>NO ACTION</deleteRule>
<referredTableID>F432FF6C-9D70-3B53-2A1E-BC971E6C6C21</referredTableID>
<keyObject>E6BE273A-609D-230B-27AD-BCB0141CEB7F</keyObject>
<referredKeyID>E6BE273A-609D-230B-27AD-BCB0141CEB7F</referredKeyID>
<mandatory>true</mandatory>
<refColNames>id_material</refColNames>
<transferable>true</transferable>
<rely>false</rely>
<columnDependencyConstraintGenerateInDDL>true</columnDependencyConstraintGenerateInDDL>
</FKIndexAssociation>