<?xml version = '1.0' encoding = 'UTF-8'?>
<FKIndexAssociation class="oracle.dbtools.crest.model.design.relational.FKIndexAssociation" directorySegmentName="seg_0" id="4EA1DEDA-3415-9545-3752-E2DA6C5B2548" containerWithKeyObject="6FA19B8B-624F-11C9-AEB2-BC555F12A48B" localFKIndex="66F0E54A-F695-D659-6E99-22551AB3A106" name="LOG_STOCK_MATERIAL_FK">
<createdBy>benja</createdBy>
<createdTime>2025-05-01 20:28:22 UTC</createdTime>
<generatorID>5831DC8F-860C-C56D-1DFD-0680628582D2</generatorID>
<ownerDesignName>SIGEM</ownerDesignName>
<referredTableLongName>MATERIAL</referredTableLongName>
<deleteRule>NO ACTION</deleteRule>
<referredTableID>F432FF6C-9D70-3B53-2A1E-BC971E6C6C21</referredTableID>
<keyObject>E6BE273A-609D-230B-27AD-BCB0141CEB7F</keyObject>
<referredKeyID>E6BE273A-609D-230B-27AD-BCB0141CEB7F</referredKeyID>
<mandatory>true</mandatory>
<refColNames>id_material</refColNames>
<transferable>true</transferable>
<rely>false</rely>
<columnDependencyConstraintGenerateInDDL>true</columnDependencyConstraintGenerateInDDL>
</FKIndexAssociation>