<?xml version = '1.0' encoding = 'UTF-8'?>
<FKIndexAssociation class="oracle.dbtools.crest.model.design.relational.FKIndexAssociation" directorySegmentName="seg_0" id="524EB3F9-6779-8B2A-0145-120A34389936" containerWithKeyObject="FF721632-5CC9-4866-CBEA-42E9044D817C" localFKIndex="22446EA2-104C-ACCF-9519-C67E57BE9B29" name="DETALLE_ESTADO_SOLICITUD_FK">
<createdBy>benja</createdBy>
<createdTime>2025-05-10 02:40:05 UTC</createdTime>
<generatorID>A0FEC00E-DB11-9956-DDE3-30C296F1628F</generatorID>
<ownerDesignName>SIGEM</ownerDesignName>
<referredTableLongName>SOLICITUD</referredTableLongName>
<deleteRule>NO ACTION</deleteRule>
<referredTableID>62B461AC-EC7F-FD51-B889-30C951CDB3FD</referredTableID>
<keyObject>9F90B564-713D-49B0-CC0D-A8756D8FC367</keyObject>
<referredKeyID>9F90B564-713D-49B0-CC0D-A8756D8FC367</referredKeyID>
<mandatory>true</mandatory>
<refColNames>id_solicitud</refColNames>
<transferable>true</transferable>
<rely>false</rely>
<columnDependencyConstraintGenerateInDDL>true</columnDependencyConstraintGenerateInDDL>
</FKIndexAssociation>