<?xml version = '1.0' encoding = 'UTF-8'?>
<FKIndexAssociation class="oracle.dbtools.crest.model.design.relational.FKIndexAssociation" directorySegmentName="seg_0" id="5BE875D5-4815-43CF-6048-6E68B02CF98E" containerWithKeyObject="FF721632-5CC9-4866-CBEA-42E9044D817C" localFKIndex="988F302A-869D-0280-36CA-999AE31E7166" name="DETALLE_ESTADO_ESTADO_SOLICITUD_FK">
<createdBy>benja</createdBy>
<createdTime>2025-05-10 02:40:05 UTC</createdTime>
<generatorID>2450DC95-5B65-67BC-3A85-2BD74D1055CB</generatorID>
<ownerDesignName>SIGEM</ownerDesignName>
<referredTableLongName>ESTADO_SOLICITUD</referredTableLongName>
<deleteRule>NO ACTION</deleteRule>
<referredTableID>2D5C3331-638F-211B-6392-4749F580BC24</referredTableID>
<keyObject>17DABC6E-6ED8-F59A-4EBE-2BB5E8AC6F49</keyObject>
<referredKeyID>17DABC6E-6ED8-F59A-4EBE-2BB5E8AC6F49</referredKeyID>
<mandatory>true</mandatory>
<refColNames>id_estado_solicitud</refColNames>
<transferable>true</transferable>
<rely>false</rely>
<columnDependencyConstraintGenerateInDDL>true</columnDependencyConstraintGenerateInDDL>
</FKIndexAssociation>