<?xml version = '1.0' encoding = 'UTF-8'?>
<FKIndexAssociation class="oracle.dbtools.crest.model.design.relational.FKIndexAssociation" directorySegmentName="seg_0" id="829043F9-F28E-380A-088A-6BA0918B57F1" containerWithKeyObject="62B461AC-EC7F-FD51-B889-30C951CDB3FD" localFKIndex="BB08590F-32A5-2A5F-F5F1-A540B0B18FD4" name="SOLICITUD_USUARIO_FK">
<createdBy>benja</createdBy>
<createdTime>2025-05-01 20:28:22 UTC</createdTime>
<generatorID>A44AAD2E-78CE-F9F9-F562-99A7D03C2FC4</generatorID>
<ownerDesignName>SIGEM</ownerDesignName>
<referredTableLongName>USUARIO</referredTableLongName>
<deleteRule>NO ACTION</deleteRule>
<referredTableID>7E536F2E-5C5B-008E-A4FD-13CB1CB7526D</referredTableID>
<keyObject>17DCD77E-2A08-5EC8-604F-1A447FDB3FF3</keyObject>
<referredKeyID>17DCD77E-2A08-5EC8-604F-1A447FDB3FF3</referredKeyID>
<mandatory>true</mandatory>
<refColNames>id_usuario</refColNames>
<transferable>true</transferable>
<rely>false</rely>
<columnDependencyConstraintGenerateInDDL>true</columnDependencyConstraintGenerateInDDL>
</FKIndexAssociation>