<?xml version = '1.0' encoding = 'UTF-8'?>
<FKIndexAssociation class="oracle.dbtools.crest.model.design.relational.FKIndexAssociation" directorySegmentName="seg_0" id="91FF65A7-1813-CA4B-B8F8-0D936EED89AF" containerWithKeyObject="FF721632-5CC9-4866-CBEA-42E9044D817C" localFKIndex="6E16D39E-6897-0D51-B833-E8525BAC0D1A" name="DETALLE_ESTADO_USUARIO_FK">
<createdBy>benja</createdBy>
<createdTime>2025-05-10 02:40:05 UTC</createdTime>
<generatorID>A3AF2A4C-4DA4-8109-7623-6485BA97D403</generatorID>
<ownerDesignName>SIGEM</ownerDesignName>
<referredTableLongName>USUARIO</referredTableLongName>
<deleteRule>NO ACTION</deleteRule>
<referredTableID>7E536F2E-5C5B-008E-A4FD-13CB1CB7526D</referredTableID>
<keyObject>17DCD77E-2A08-5EC8-604F-1A447FDB3FF3</keyObject>
<referredKeyID>17DCD77E-2A08-5EC8-604F-1A447FDB3FF3</referredKeyID>
<mandatory>true</mandatory>
<refColNames>id_usuario</refColNames>
<transferable>true</transferable>
<rely>false</rely>
<columnDependencyConstraintGenerateInDDL>true</columnDependencyConstraintGenerateInDDL>
</FKIndexAssociation>