<?xml version = '1.0' encoding = 'UTF-8'?>
<FKIndexAssociation class="oracle.dbtools.crest.model.design.relational.FKIndexAssociation" directorySegmentName="seg_0" id="B7203893-F7F0-08A7-FDED-75D897D9B011" containerWithKeyObject="F432FF6C-9D70-3B53-2A1E-BC971E6C6C21" localFKIndex="9FE8AD83-BCB5-30AA-C65D-53295254B4CE" name="MATERIAL_MARCA_FK">
<createdBy>benja</createdBy>
<createdTime>2025-05-10 02:56:40 UTC</createdTime>
<generatorID>85C8DCB6-4A7B-ADBE-F4A6-F046D7A68D50</generatorID>
<ownerDesignName>SIGEM</ownerDesignName>
<referredTableLongName>MARCA</referredTableLongName>
<deleteRule>NO ACTION</deleteRule>
<referredTableID>CDCF7166-1421-4DB9-63FF-E16F475887B9</referredTableID>
<keyObject>6673A74D-C002-3252-EFD7-66855D58544C</keyObject>
<referredKeyID>6673A74D-C002-3252-EFD7-66855D58544C</referredKeyID>
<mandatory>true</mandatory>
<refColNames>id_marca</refColNames>
<transferable>true</transferable>
<rely>false</rely>
<columnDependencyConstraintGenerateInDDL>true</columnDependencyConstraintGenerateInDDL>
</FKIndexAssociation>