<?xml version = '1.0' encoding = 'UTF-8'?>
<FKIndexAssociation class="oracle.dbtools.crest.model.design.relational.FKIndexAssociation" directorySegmentName="seg_0" id="C89C1101-ADF8-CBED-D314-B5295E2EF049" containerWithKeyObject="2D5C3331-638F-211B-6392-4749F580BC24" localFKIndex="4737904A-9DE4-1F8F-93A6-4618FE267E0B" name="ESTADO_SOLICITUD_SOLICITUD_FK">
<createdBy>benja</createdBy>
<createdTime>2025-05-01 20:28:22 UTC</createdTime>
<generatorID>F1623239-C897-F802-3BAB-A717A8D04F21</generatorID>
<ownerDesignName>SIGEM</ownerDesignName>
<referredTableLongName>SOLICITUD</referredTableLongName>
<deleteRule>NO ACTION</deleteRule>
<referredTableID>62B461AC-EC7F-FD51-B889-30C951CDB3FD</referredTableID>
<keyObject>9F90B564-713D-49B0-CC0D-A8756D8FC367</keyObject>
<referredKeyID>9F90B564-713D-49B0-CC0D-A8756D8FC367</referredKeyID>
<mandatory>true</mandatory>
<refColNames>id_solicitud</refColNames>
<transferable>true</transferable>
<rely>false</rely>
<columnDependencyConstraintGenerateInDDL>true</columnDependencyConstraintGenerateInDDL>
</FKIndexAssociation>