<?xml version = '1.0' encoding = 'UTF-8'?>
<FKIndexAssociation class="oracle.dbtools.crest.model.design.relational.FKIndexAssociation" directorySegmentName="seg_0" id="FA45F055-EFAC-F729-5903-A3B17DA623D4" containerWithKeyObject="6FA19B8B-624F-11C9-AEB2-BC555F12A48B" localFKIndex="1FBFE213-D353-E91C-C6AD-A3D60AB68266" name="LOG_STOCK_USUARIO_FK">
<createdBy>benja</createdBy>
<createdTime>2025-05-01 20:28:22 UTC</createdTime>
<generatorID>088FF460-D405-0C01-D1DB-EB2D850015E8</generatorID>
<ownerDesignName>SIGEM</ownerDesignName>
<referredTableLongName>USUARIO</referredTableLongName>
<deleteRule>NO ACTION</deleteRule>
<referredTableID>7E536F2E-5C5B-008E-A4FD-13CB1CB7526D</referredTableID>
<keyObject>17DCD77E-2A08-5EC8-604F-1A447FDB3FF3</keyObject>
<referredKeyID>17DCD77E-2A08-5EC8-604F-1A447FDB3FF3</referredKeyID>
<mandatory>true</mandatory>
<refColNames>id_usuario</refColNames>
<transferable>true</transferable>
<rely>false</rely>
<columnDependencyConstraintGenerateInDDL>true</columnDependencyConstraintGenerateInDDL>
</FKIndexAssociation>