<?xml version = '1.0' encoding = 'UTF-8'?>
<Relation class="oracle.dbtools.crest.model.design.logical.Relation" name="Relation_5" directorySegmentName="seg_0" id="088FF460-D405-0C01-D1DB-EB2D850015E8">
<createdBy>benja</createdBy>
<createdTime>2025-05-01 20:24:18 UTC</createdTime>
<ownerDesignName>SIGEM</ownerDesignName>
<engineerTo>
<item key="95B6BC2A-F01F-1B03-1666-007ACEEF0875" value="true"/>
</engineerTo>
<sourcePk>71F5D2EC-3C41-0291-FF42-1C07FAEA9164</sourcePk>
<identifying>false</identifying>
<optionalSource>true</optionalSource>
<optionalTarget>false</optionalTarget>
<sourceCardinality>1</sourceCardinality>
<sourceEntity>0D1F0A57-A5AE-7F48-8E1C-720382A042EA</sourceEntity>
<targetCardinalityString>*</targetCardinalityString>
<targetEntity>1CF2D930-ED88-1403-B928-EF6B9ED2644A</targetEntity>
<transferable>true</transferable>
<deleteRule>NO ACTION</deleteRule>
</Relation>