<?xml version = '1.0' encoding = 'UTF-8'?>
<Relation class="oracle.dbtools.crest.model.design.logical.Relation" name="Relation_14" directorySegmentName="seg_0" id="2450DC95-5B65-67BC-3A85-2BD74D1055CB">
<createdBy>benja</createdBy>
<createdTime>2025-05-10 02:38:03 UTC</createdTime>
<ownerDesignName>SIGEM</ownerDesignName>
<engineerTo>
<item key="95B6BC2A-F01F-1B03-1666-007ACEEF0875" value="true"/>
</engineerTo>
<sourcePk>CF384788-5447-8CD6-469D-5E82531669D1</sourcePk>
<identifying>false</identifying>
<optionalSource>true</optionalSource>
<optionalTarget>false</optionalTarget>
<sourceCardinality>1</sourceCardinality>
<sourceEntity>6A75E610-E7F9-D6BA-54C7-F56500D904C2</sourceEntity>
<targetCardinalityString>*</targetCardinalityString>
<targetEntity>BD41728F-5E4F-205D-995A-4FF25386AE97</targetEntity>
<transferable>true</transferable>
<deleteRule>NO ACTION</deleteRule>
</Relation>