<?xml version = '1.0' encoding = 'UTF-8'?>
<Relation class="oracle.dbtools.crest.model.design.logical.Relation" name="Relation_6" directorySegmentName="seg_0" id="5831DC8F-860C-C56D-1DFD-0680628582D2">
<createdBy>benja</createdBy>
<createdTime>2025-05-01 20:24:27 UTC</createdTime>
<ownerDesignName>SIGEM</ownerDesignName>
<engineerTo>
<item key="95B6BC2A-F01F-1B03-1666-007ACEEF0875" value="true"/>
</engineerTo>
<sourcePk>16938243-A031-07FA-90F7-DC1AB5E446DB</sourcePk>
<identifying>false</identifying>
<optionalSource>true</optionalSource>
<optionalTarget>false</optionalTarget>
<sourceCardinality>1</sourceCardinality>
<sourceEntity>C9033664-1621-E849-67FA-201140F77EDE</sourceEntity>
<targetCardinalityString>*</targetCardinalityString>
<targetEntity>1CF2D930-ED88-1403-B928-EF6B9ED2644A</targetEntity>
<transferable>true</transferable>
<deleteRule>NO ACTION</deleteRule>
</Relation>