<?xml version = '1.0' encoding = 'UTF-8'?>
<Relation class="oracle.dbtools.crest.model.design.logical.Relation" name="Relation_18" directorySegmentName="seg_0" id="85C8DCB6-4A7B-ADBE-F4A6-F046D7A68D50">
<createdBy>benja</createdBy>
<createdTime>2025-05-10 02:56:23 UTC</createdTime>
<ownerDesignName>SIGEM</ownerDesignName>
<engineerTo>
<item key="95B6BC2A-F01F-1B03-1666-007ACEEF0875" value="true"/>
</engineerTo>
<sourcePk>459EA514-3C39-A915-8634-CCF76A8D095D</sourcePk>
<identifying>false</identifying>
<optionalSource>true</optionalSource>
<optionalTarget>false</optionalTarget>
<sourceCardinality>1</sourceCardinality>
<sourceEntity>536E7826-FAD7-CC82-8335-0A752312F9EE</sourceEntity>
<targetCardinalityString>*</targetCardinalityString>
<targetEntity>C9033664-1621-E849-67FA-201140F77EDE</targetEntity>
<transferable>true</transferable>
<deleteRule>NO ACTION</deleteRule>
</Relation>