<?xml version = '1.0' encoding = 'UTF-8'?>
<Relation class="oracle.dbtools.crest.model.design.logical.Relation" name="Relation_4" directorySegmentName="seg_0" id="876189B7-C497-5AAD-C568-51E2F8B19381">
<createdBy>benja</createdBy>
<createdTime>2025-05-01 20:23:58 UTC</createdTime>
<ownerDesignName>SIGEM</ownerDesignName>
<engineerTo>
<item key="95B6BC2A-F01F-1B03-1666-007ACEEF0875" value="true"/>
</engineerTo>
<sourcePk>7BCE3F8A-10A9-A216-E027-8185DC2BEE7A</sourcePk>
<identifying>false</identifying>
<optionalSource>true</optionalSource>
<optionalTarget>false</optionalTarget>
<sourceCardinality>1</sourceCardinality>
<sourceEntity>DBFAFA00-9D88-9803-890C-1C3AC8F7BCA7</sourceEntity>
<targetCardinalityString>*</targetCardinalityString>
<targetEntity>C9033664-1621-E849-67FA-201140F77EDE</targetEntity>
<transferable>true</transferable>
<deleteRule>NO ACTION</deleteRule>
</Relation>