<?xml version = '1.0' encoding = 'UTF-8'?>
<Relation class="oracle.dbtools.crest.model.design.logical.Relation" name="Relation_15" directorySegmentName="seg_0" id="A0FEC00E-DB11-9956-DDE3-30C296F1628F">
<createdBy>benja</createdBy>
<createdTime>2025-05-10 02:38:17 UTC</createdTime>
<ownerDesignName>SIGEM</ownerDesignName>
<engineerTo>
<item key="95B6BC2A-F01F-1B03-1666-007ACEEF0875" value="true"/>
</engineerTo>
<sourcePk>50101ADE-B70D-BD45-F861-ECC9333BA8A4</sourcePk>
<identifying>false</identifying>
<optionalSource>true</optionalSource>
<optionalTarget>false</optionalTarget>
<sourceCardinality>1</sourceCardinality>
<sourceEntity>AF7F416C-8676-8835-1939-409F69906722</sourceEntity>
<targetCardinalityString>*</targetCardinalityString>
<targetEntity>BD41728F-5E4F-205D-995A-4FF25386AE97</targetEntity>
<transferable>true</transferable>
<deleteRule>NO ACTION</deleteRule>
</Relation>