<?xml version = '1.0' encoding = 'UTF-8'?>
<Relation class="oracle.dbtools.crest.model.design.logical.Relation" name="Relation_16" directorySegmentName="seg_0" id="A3AF2A4C-4DA4-8109-7623-6485BA97D403">
<createdBy>benja</createdBy>
<createdTime>2025-05-10 02:38:26 UTC</createdTime>
<ownerDesignName>SIGEM</ownerDesignName>
<engineerTo>
<item key="95B6BC2A-F01F-1B03-1666-007ACEEF0875" value="true"/>
</engineerTo>
<sourcePk>71F5D2EC-3C41-0291-FF42-1C07FAEA9164</sourcePk>
<identifying>false</identifying>
<optionalSource>true</optionalSource>
<optionalTarget>false</optionalTarget>
<sourceCardinality>1</sourceCardinality>
<sourceEntity>0D1F0A57-A5AE-7F48-8E1C-720382A042EA</sourceEntity>
<targetCardinalityString>*</targetCardinalityString>
<targetEntity>BD41728F-5E4F-205D-995A-4FF25386AE97</targetEntity>
<transferable>true</transferable>
<deleteRule>NO ACTION</deleteRule>
</Relation>