<?xml version = '1.0' encoding = 'UTF-8'?>
<Relation class="oracle.dbtools.crest.model.design.logical.Relation" name="Relation_2" directorySegmentName="seg_0" id="A44AAD2E-78CE-F9F9-F562-99A7D03C2FC4">
<createdBy>benja</createdBy>
<createdTime>2025-05-01 20:18:38 UTC</createdTime>
<ownerDesignName>SIGEM</ownerDesignName>
<engineerTo>
<item key="95B6BC2A-F01F-1B03-1666-007ACEEF0875" value="true"/>
</engineerTo>
<sourcePk>71F5D2EC-3C41-0291-FF42-1C07FAEA9164</sourcePk>
<identifying>false</identifying>
<optionalSource>true</optionalSource>
<optionalTarget>false</optionalTarget>
<sourceCardinality>1</sourceCardinality>
<sourceEntity>0D1F0A57-A5AE-7F48-8E1C-720382A042EA</sourceEntity>
<targetCardinalityString>*</targetCardinalityString>
<targetEntity>AF7F416C-8676-8835-1939-409F69906722</targetEntity>
<transferable>true</transferable>
<deleteRule>NO ACTION</deleteRule>
</Relation>