<?xml version = '1.0' encoding = 'UTF-8'?>
<Relation class="oracle.dbtools.crest.model.design.logical.Relation" name="Relation_3" directorySegmentName="seg_0" id="D01FE27D-22AE-48AC-4639-48FB395AFBA1">
<createdBy>benja</createdBy>
<createdTime>2025-05-01 20:23:52 UTC</createdTime>
<ownerDesignName>SIGEM</ownerDesignName>
<engineerTo>
<item key="95B6BC2A-F01F-1B03-1666-007ACEEF0875" value="true"/>
</engineerTo>
<sourcePk>31B50854-BE38-8D59-8AC2-B77BB759338A</sourcePk>
<identifying>false</identifying>
<optionalSource>true</optionalSource>
<optionalTarget>false</optionalTarget>
<sourceCardinality>1</sourceCardinality>
<sourceEntity>87C2E664-AFFC-7BF6-646D-12F112F977B7</sourceEntity>
<targetCardinalityString>*</targetCardinalityString>
<targetEntity>C9033664-1621-E849-67FA-201140F77EDE</targetEntity>
<transferable>true</transferable>
<deleteRule>NO ACTION</deleteRule>
</Relation>