<?xml version = '1.0' encoding = 'UTF-8'?>
<Diagram class="oracle.dbtools.crest.swingui.relational.DPVRelational" name="Relational_1" id="D4959C51-1477-149B-E0B3-A1418F58EFE4">
<createdBy>benja</createdBy>
<modifiedBy>benja</modifiedBy>
<createdTime>2025-05-01 19:45:50 UTC</createdTime>
<autoRoute>false</autoRoute>
<boxInbox>true</boxInbox>
<showLegend>false</showLegend>
<showLabels>false</showLabels>
<showRelAttributes>false</showRelAttributes>
<gridEnabled>false</gridEnabled>
<showGrid>false</showGrid>
<diagramColor>-1</diagramColor>
<display>false</display>
<notation>1</notation>
<objectViews>
<OView class="oracle.dbtools.crest.swingui.relational.TVTable" oid="2D5C3331-638F-211B-6392-4749F580BC24" otype="Table" vid="E945D293-C39C-C635-6277-ADCA112DE5BD">
<hideElementsInCurrentOnly>false</hideElementsInCurrentOnly>
<bounds x="394" y="594" width="317" height="126"/>
</OView>
<OView class="oracle.dbtools.crest.swingui.relational.TVTable" oid="508ABB65-815B-DB43-A477-E72E69C1DEA4" otype="Table" vid="AAF35A19-687D-6646-B6A4-DE885F78DDA7">
<hideElementsInCurrentOnly>false</hideElementsInCurrentOnly>
<bounds x="1167" y="324" width="192" height="85"/>
</OView>
<OView class="oracle.dbtools.crest.swingui.relational.TVTable" oid="62B461AC-EC7F-FD51-B889-30C951CDB3FD" otype="Table" vid="CF302055-BE0B-DD80-65C1-19A562360CCB">
<hideElementsInCurrentOnly>false</hideElementsInCurrentOnly>
<bounds x="395" y="313" width="318" height="239"/>
</OView>
<OView class="oracle.dbtools.crest.swingui.relational.TVTable" oid="6FA19B8B-624F-11C9-AEB2-BC555F12A48B" otype="Table" vid="F91594AB-7215-9208-DBC3-AE06A9C3A798">
<hideElementsInCurrentOnly>false</hideElementsInCurrentOnly>
<bounds x="756" y="29" width="276" height="171"/>
</OView>
<OView class="oracle.dbtools.crest.swingui.relational.TVTable" oid="7D953CA8-5230-BF51-E275-E7881AB98735" otype="Table" vid="5C9639E1-A096-3639-3CBD-3311AAEDAFC0">
<hideElementsInCurrentOnly>false</hideElementsInCurrentOnly>
<bounds x="19" y="46" width="209" height="87"/>
</OView>
<OView class="oracle.dbtools.crest.swingui.relational.TVTable" oid="7E536F2E-5C5B-008E-A4FD-13CB1CB7526D" otype="Table" vid="0AC7930E-A152-A58D-3517-050FC07CDE17">
<hideElementsInCurrentOnly>false</hideElementsInCurrentOnly>
<bounds x="767" y="253" width="246" height="194"/>
</OView>
<OView class="oracle.dbtools.crest.swingui.relational.TVTable" oid="8CB1C5FD-CB9A-F26A-23FB-F562B57CB190" otype="Table" vid="D3FEA03D-A486-B815-1F88-8C8EE4EB8693">
<hideElementsInCurrentOnly>false</hideElementsInCurrentOnly>
<bounds x="19" y="139" width="209" height="74"/>
</OView>
<OView class="oracle.dbtools.crest.swingui.relational.TVTable" oid="CDCF7166-1421-4DB9-63FF-E16F475887B9" otype="Table" vid="53A02788-8D6A-B01F-5374-1C0DF23B3361">
<hideElementsInCurrentOnly>false</hideElementsInCurrentOnly>
<bounds x="20" y="222" width="209" height="72"/>
</OView>
<OView class="oracle.dbtools.crest.swingui.relational.TVTable" oid="D16A929F-B79F-FB5F-BF6C-4DCF1EB485BE" otype="Table" vid="143C7E30-B316-861C-4C3E-29110497B886">
<hideElementsInCurrentOnly>false</hideElementsInCurrentOnly>
<bounds x="10" y="340" width="340" height="192"/>
</OView>
<OView class="oracle.dbtools.crest.swingui.relational.TVTable" oid="F432FF6C-9D70-3B53-2A1E-BC971E6C6C21" otype="Table" vid="A31637DE-27A1-B7A9-B381-7670F29FF60B">
<hideElementsInCurrentOnly>false</hideElementsInCurrentOnly>
<bounds x="292" y="29" width="376" height="247"/>
</OView>
<OView class="oracle.dbtools.crest.swingui.relational.TVTable" oid="FF721632-5CC9-4866-CBEA-42E9044D817C" otype="Table" vid="5B92A5CE-1D6C-7550-316E-78E186DF8413">
<hideElementsInCurrentOnly>false</hideElementsInCurrentOnly>
<bounds x="779" y="497" width="430" height="209"/>
</OView>
</objectViews>
<connectors>
<Connector class="oracle.dbtools.crest.swingui.relational.TVFKRelation" oid="2CB15686-D99F-4A21-81C8-F7C4DA7148B0" otype="FKIndexAssociation" vid_source="AAF35A19-687D-6646-B6A4-DE885F78DDA7" vid_target="0AC7930E-A152-A58D-3517-050FC07CDE17">
<hideElementsInCurrentOnly>false</hideElementsInCurrentOnly>
<backgroundColor>-16777216</backgroundColor>
<lineWidth>1</lineWidth>
<points>
<point x="1167" y="366"/>
<point x="1013" y="366"/>
</points>
</Connector>
<Connector class="oracle.dbtools.crest.swingui.relational.TVFKRelation" oid="3E50A4F8-018C-A712-BCD4-071C1AD67B92" otype="FKIndexAssociation" vid_source="D3FEA03D-A486-B815-1F88-8C8EE4EB8693" vid_target="A31637DE-27A1-B7A9-B381-7670F29FF60B">
<hideElementsInCurrentOnly>false</hideElementsInCurrentOnly>
<backgroundColor>-16777216</backgroundColor>
<lineWidth>1</lineWidth>
<points>
<point x="228" y="176"/>
<point x="292" y="176"/>
</points>
</Connector>
<Connector class="oracle.dbtools.crest.swingui.relational.TVFKRelation" oid="4715814A-5C3F-9B2F-6668-9B3A8522E4DC" otype="FKIndexAssociation" vid_source="A31637DE-27A1-B7A9-B381-7670F29FF60B" vid_target="143C7E30-B316-861C-4C3E-29110497B886">
<hideElementsInCurrentOnly>false</hideElementsInCurrentOnly>
<backgroundColor>-16777216</backgroundColor>
<lineWidth>1</lineWidth>
<points>
<point x="321" y="276"/>
<point x="321" y="340"/>
</points>
</Connector>
<Connector class="oracle.dbtools.crest.swingui.relational.TVFKRelation" oid="4EA1DEDA-3415-9545-3752-E2DA6C5B2548" otype="FKIndexAssociation" vid_source="A31637DE-27A1-B7A9-B381-7670F29FF60B" vid_target="F91594AB-7215-9208-DBC3-AE06A9C3A798">
<hideElementsInCurrentOnly>false</hideElementsInCurrentOnly>
<backgroundColor>-16777216</backgroundColor>
<lineWidth>1</lineWidth>
<points>
<point x="668" y="114"/>
<point x="756" y="114"/>
</points>
</Connector>
<Connector class="oracle.dbtools.crest.swingui.relational.TVFKRelation" oid="524EB3F9-6779-8B2A-0145-120A34389936" otype="FKIndexAssociation" vid_source="CF302055-BE0B-DD80-65C1-19A562360CCB" vid_target="5B92A5CE-1D6C-7550-316E-78E186DF8413">
<hideElementsInCurrentOnly>false</hideElementsInCurrentOnly>
<backgroundColor>-16777216</backgroundColor>
<lineWidth>1</lineWidth>
<points>
<point x="713" y="524"/>
<point x="779" y="524"/>
</points>
</Connector>
<Connector class="oracle.dbtools.crest.swingui.relational.TVFKRelation" oid="5BE875D5-4815-43CF-6048-6E68B02CF98E" otype="FKIndexAssociation" vid_source="E945D293-C39C-C635-6277-ADCA112DE5BD" vid_target="5B92A5CE-1D6C-7550-316E-78E186DF8413">
<hideElementsInCurrentOnly>false</hideElementsInCurrentOnly>
<backgroundColor>-16777216</backgroundColor>
<lineWidth>1</lineWidth>
<points>
<point x="711" y="650"/>
<point x="779" y="650"/>
</points>
</Connector>
<Connector class="oracle.dbtools.crest.swingui.relational.TVFKRelation" oid="806EA701-6661-AF0E-4620-69FE5E709119" otype="FKIndexAssociation" vid_source="CF302055-BE0B-DD80-65C1-19A562360CCB" vid_target="143C7E30-B316-861C-4C3E-29110497B886">
<hideElementsInCurrentOnly>false</hideElementsInCurrentOnly>
<backgroundColor>-16777216</backgroundColor>
<lineWidth>1</lineWidth>
<points>
<point x="395" y="436"/>
<point x="350" y="436"/>
</points>
</Connector>
<Connector class="oracle.dbtools.crest.swingui.relational.TVFKRelation" oid="829043F9-F28E-380A-088A-6BA0918B57F1" otype="FKIndexAssociation" vid_source="0AC7930E-A152-A58D-3517-050FC07CDE17" vid_target="CF302055-BE0B-DD80-65C1-19A562360CCB">
<hideElementsInCurrentOnly>false</hideElementsInCurrentOnly>
<backgroundColor>-16777216</backgroundColor>
<lineWidth>1</lineWidth>
<points>
<point x="767" y="380"/>
<point x="713" y="380"/>
</points>
</Connector>
<Connector class="oracle.dbtools.crest.swingui.relational.TVFKRelation" oid="91FF65A7-1813-CA4B-B8F8-0D936EED89AF" otype="FKIndexAssociation" vid_source="0AC7930E-A152-A58D-3517-050FC07CDE17" vid_target="5B92A5CE-1D6C-7550-316E-78E186DF8413">
<hideElementsInCurrentOnly>false</hideElementsInCurrentOnly>
<backgroundColor>-16777216</backgroundColor>
<lineWidth>1</lineWidth>
<points>
<point x="896" y="447"/>
<point x="896" y="497"/>
</points>
</Connector>
<Connector class="oracle.dbtools.crest.swingui.relational.TVFKRelation" oid="B7203893-F7F0-08A7-FDED-75D897D9B011" otype="FKIndexAssociation" vid_source="53A02788-8D6A-B01F-5374-1C0DF23B3361" vid_target="A31637DE-27A1-B7A9-B381-7670F29FF60B">
<hideElementsInCurrentOnly>false</hideElementsInCurrentOnly>
<backgroundColor>-16777216</backgroundColor>
<lineWidth>1</lineWidth>
<points>
<point x="229" y="249"/>
<point x="292" y="249"/>
</points>
</Connector>
<Connector class="oracle.dbtools.crest.swingui.relational.TVFKRelation" oid="C89C1101-ADF8-CBED-D314-B5295E2EF049" otype="FKIndexAssociation" vid_source="CF302055-BE0B-DD80-65C1-19A562360CCB" vid_target="E945D293-C39C-C635-6277-ADCA112DE5BD">
<hideElementsInCurrentOnly>false</hideElementsInCurrentOnly>
<backgroundColor>-16777216</backgroundColor>
<lineWidth>1</lineWidth>
<points>
<point x="553" y="552"/>
<point x="553" y="594"/>
</points>
</Connector>
<Connector class="oracle.dbtools.crest.swingui.relational.TVFKRelation" oid="CEE2D80A-488C-33C2-EBF5-860BDDE297BB" otype="FKIndexAssociation" vid_source="5C9639E1-A096-3639-3CBD-3311AAEDAFC0" vid_target="A31637DE-27A1-B7A9-B381-7670F29FF60B">
<hideElementsInCurrentOnly>false</hideElementsInCurrentOnly>
<backgroundColor>-16777216</backgroundColor>
<lineWidth>1</lineWidth>
<points>
<point x="228" y="89"/>
<point x="292" y="89"/>
</points>
</Connector>
<Connector class="oracle.dbtools.crest.swingui.relational.TVFKRelation" oid="FA45F055-EFAC-F729-5903-A3B17DA623D4" otype="FKIndexAssociation" vid_source="0AC7930E-A152-A58D-3517-050FC07CDE17" vid_target="F91594AB-7215-9208-DBC3-AE06A9C3A798">
<hideElementsInCurrentOnly>false</hideElementsInCurrentOnly>
<backgroundColor>-16777216</backgroundColor>
<lineWidth>1</lineWidth>
<points>
<point x="890" y="253"/>
<point x="890" y="200"/>
</points>
</Connector>
</connectors>
</Diagram>