<?xml version = '1.0' encoding = 'UTF-8'?>
<Entity class="oracle.dbtools.crest.model.design.logical.Entity" directorySegmentName="seg_0" id="0D1F0A57-A5AE-7F48-8E1C-720382A042EA" name="USUARIO">
<createdBy>benja</createdBy>
<createdTime>2025-05-01 20:13:12 UTC</createdTime>
<ownerDesignName>SIGEM</ownerDesignName>
<engineerTo>
<item key="95B6BC2A-F01F-1B03-1666-007ACEEF0875" value="true"/>
</engineerTo>
<adequatelyNormalized>NO</adequatelyNormalized>
<expectedVolumes>0</expectedVolumes>
<fwdEngineeringStrategyName>Single Table</fwdEngineeringStrategyName>
<growthPercent>0</growthPercent>
<growthType>Year</growthType>
<maxVolumes>9999999</maxVolumes>
<minVolumes>0</minVolumes>
<normalForm>Third</normalForm>
<attributes itemClass="oracle.dbtools.crest.model.design.logical.Attribute">
<Attribute name="id_usuario" id="81C19F27-182F-947D-AFEC-0B60CBA6FACA">
<createdBy>benja</createdBy>
<createdTime>2025-05-01 20:13:20 UTC</createdTime>
<ownerDesignName>SIGEM</ownerDesignName>
<engineerTo>
<item key="95B6BC2A-F01F-1B03-1666-007ACEEF0875" value="true"/>
</engineerTo>
<useDomainConstraints>false</useDomainConstraints>
<use>1</use>
<logicalDatatype>LOGDT011</logicalDatatype>
<ownDataTypeParameters>,,</ownDataTypeParameters>
</Attribute>
<Attribute name="cargo" id="8B88CDA8-0E01-61AE-45B8-12965F3743C9">
<createdBy>benja</createdBy>
<createdTime>2025-05-01 20:13:29 UTC</createdTime>
<ownerDesignName>SIGEM</ownerDesignName>
<engineerTo>
<item key="95B6BC2A-F01F-1B03-1666-007ACEEF0875" value="true"/>
</engineerTo>
<useDomainConstraints>false</useDomainConstraints>
<use>1</use>
<logicalDatatype>LOGDT024</logicalDatatype>
<dataTypeSize>50</dataTypeSize>
<ownDataTypeParameters>50,,</ownDataTypeParameters>
</Attribute>
<Attribute name="nom_usuario" id="2AE5CD22-1572-2269-2E24-5D9DE9682EF1">
<createdBy>benja</createdBy>
<createdTime>2025-05-01 20:13:49 UTC</createdTime>
<ownerDesignName>SIGEM</ownerDesignName>
<engineerTo>
<item key="95B6BC2A-F01F-1B03-1666-007ACEEF0875" value="true"/>
</engineerTo>
<useDomainConstraints>false</useDomainConstraints>
<use>1</use>
<logicalDatatype>LOGDT024</logicalDatatype>
<dataTypeSize>50</dataTypeSize>
<ownDataTypeParameters>50,,</ownDataTypeParameters>
</Attribute>
<Attribute name="apellido_p" id="326D8A38-B784-E745-4079-5AC3390330BE">
<createdBy>benja</createdBy>
<createdTime>2025-05-01 20:14:04 UTC</createdTime>
<ownerDesignName>SIGEM</ownerDesignName>
<engineerTo>
<item key="95B6BC2A-F01F-1B03-1666-007ACEEF0875" value="true"/>
</engineerTo>
<useDomainConstraints>false</useDomainConstraints>
<use>1</use>
<logicalDatatype>LOGDT024</logicalDatatype>
<dataTypeSize>50</dataTypeSize>
<ownDataTypeParameters>50,,</ownDataTypeParameters>
</Attribute>
<Attribute name="correo" id="B15293CE-469E-1093-6262-FD7A1BBDCD47">
<createdBy>benja</createdBy>
<createdTime>2025-05-01 20:14:21 UTC</createdTime>
<ownerDesignName>SIGEM</ownerDesignName>
<engineerTo>
<item key="95B6BC2A-F01F-1B03-1666-007ACEEF0875" value="true"/>
</engineerTo>
<useDomainConstraints>false</useDomainConstraints>
<use>1</use>
<logicalDatatype>LOGDT024</logicalDatatype>
<dataTypeSize>100</dataTypeSize>
<ownDataTypeParameters>100,,</ownDataTypeParameters>
</Attribute>
<Attribute name="contrasena" id="24463DE5-2A07-89F9-4A13-7D0CB815158D">
<createdBy>benja</createdBy>
<createdTime>2025-05-01 20:14:32 UTC</createdTime>
<ownerDesignName>SIGEM</ownerDesignName>
<engineerTo>
<item key="95B6BC2A-F01F-1B03-1666-007ACEEF0875" value="true"/>
</engineerTo>
<useDomainConstraints>false</useDomainConstraints>
<use>1</use>
<logicalDatatype>LOGDT024</logicalDatatype>
<dataTypeSize>20</dataTypeSize>
<ownDataTypeParameters>20,,</ownDataTypeParameters>
</Attribute>
<Attribute name="img_usuario" id="BF1FE43F-AB92-ECC1-538B-5E3CB7871CE6">
<createdBy>benja</createdBy>
<createdTime>2025-05-01 20:14:45 UTC</createdTime>
<ownerDesignName>SIGEM</ownerDesignName>
<engineerTo>
<item key="95B6BC2A-F01F-1B03-1666-007ACEEF0875" value="true"/>
</engineerTo>
<nullsAllowed>true</nullsAllowed>
<useDomainConstraints>false</useDomainConstraints>
<use>1</use>
<logicalDatatype>LOGDT029</logicalDatatype>
<ownDataTypeParameters>,,</ownDataTypeParameters>
</Attribute>
<Attribute name="id_rol" id="EA8A57FB-85EF-D257-1A68-107C066B3258">
<createdBy>benja</createdBy>
<createdTime>2025-05-01 20:18:28 UTC</createdTime>
<generatorID>42A857A0-148F-EFC7-CAAC-051762060E85</generatorID>
<ownerDesignName>SIGEM</ownerDesignName>
<engineerTo>
<item key="95B6BC2A-F01F-1B03-1666-007ACEEF0875" value="true"/>
</engineerTo>
<referedAttribute>1230B6D4-E6C5-51EC-A4D4-0695A8BA8142</referedAttribute>
<useDomainConstraints>false</useDomainConstraints>
<use>1</use>
<logicalDatatype>LOGDT011</logicalDatatype>
<ownDataTypeParameters>,,</ownDataTypeParameters>
</Attribute>
</attributes>
<identifiers itemClass="oracle.dbtools.crest.model.design.logical.CandidateKey">
<identifier id="71F5D2EC-3C41-0291-FF42-1C07FAEA9164" name="USUARIO PK">
<createdBy>benja</createdBy>
<createdTime>2025-05-01 20:13:29 UTC</createdTime>
<ownerDesignName>SIGEM</ownerDesignName>
<shouldEngineer>false</shouldEngineer>
<engineerTo>
<item key="95B6BC2A-F01F-1B03-1666-007ACEEF0875" value="false"/>
</engineerTo>
<pk>true</pk>
<usedAttributes>
<attributeRef>81C19F27-182F-947D-AFEC-0B60CBA6FACA</attributeRef>
</usedAttributes>
</identifier>
</identifiers>
</Entity>