<?xml version = '1.0' encoding = 'UTF-8'?>
<Entity class="oracle.dbtools.crest.model.design.logical.Entity" directorySegmentName="seg_0" id="536E7826-FAD7-CC82-8335-0A752312F9EE" name="MARCA">
<createdBy>benja</createdBy>
<createdTime>2025-05-10 02:55:38 UTC</createdTime>
<ownerDesignName>SIGEM</ownerDesignName>
<engineerTo>
<item key="95B6BC2A-F01F-1B03-1666-007ACEEF0875" value="true"/>
</engineerTo>
<adequatelyNormalized>NO</adequatelyNormalized>
<expectedVolumes>0</expectedVolumes>
<fwdEngineeringStrategyName>Single Table</fwdEngineeringStrategyName>
<growthPercent>0</growthPercent>
<growthType>Year</growthType>
<maxVolumes>9999999</maxVolumes>
<minVolumes>0</minVolumes>
<normalForm>Third</normalForm>
<attributes itemClass="oracle.dbtools.crest.model.design.logical.Attribute">
<Attribute name="id_marca" id="B2F36E6F-07B6-2F3F-6EC3-4EF752D1CF25">
<createdBy>benja</createdBy>
<createdTime>2025-05-10 02:55:43 UTC</createdTime>
<ownerDesignName>SIGEM</ownerDesignName>
<engineerTo>
<item key="95B6BC2A-F01F-1B03-1666-007ACEEF0875" value="true"/>
</engineerTo>
<useDomainConstraints>false</useDomainConstraints>
<use>1</use>
<logicalDatatype>LOGDT011</logicalDatatype>
<ownDataTypeParameters>,,</ownDataTypeParameters>
</Attribute>
<Attribute name="nom_marca" id="E84F2D8D-868B-8CD9-42D2-BE3FEBD29C7C">
<createdBy>benja</createdBy>
<createdTime>2025-05-10 02:55:58 UTC</createdTime>
<ownerDesignName>SIGEM</ownerDesignName>
<engineerTo>
<item key="95B6BC2A-F01F-1B03-1666-007ACEEF0875" value="true"/>
</engineerTo>
<useDomainConstraints>false</useDomainConstraints>
<use>1</use>
<logicalDatatype>LOGDT024</logicalDatatype>
<dataTypeSize>50</dataTypeSize>
<ownDataTypeParameters>50,,</ownDataTypeParameters>
</Attribute>
</attributes>
<identifiers itemClass="oracle.dbtools.crest.model.design.logical.CandidateKey">
<identifier id="459EA514-3C39-A915-8634-CCF76A8D095D" name="MARCA PK">
<createdBy>benja</createdBy>
<createdTime>2025-05-10 02:55:57 UTC</createdTime>
<ownerDesignName>SIGEM</ownerDesignName>
<shouldEngineer>false</shouldEngineer>
<engineerTo>
<item key="95B6BC2A-F01F-1B03-1666-007ACEEF0875" value="false"/>
</engineerTo>
<pk>true</pk>
<usedAttributes>
<attributeRef>B2F36E6F-07B6-2F3F-6EC3-4EF752D1CF25</attributeRef>
</usedAttributes>
</identifier>
</identifiers>
</Entity>