<?xml version = '1.0' encoding = 'UTF-8'?>
<Entity class="oracle.dbtools.crest.model.design.logical.Entity" directorySegmentName="seg_0" id="BD41728F-5E4F-205D-995A-4FF25386AE97" name="DETALLE_ESTADO">
<createdBy>benja</createdBy>
<createdTime>2025-05-10 02:35:59 UTC</createdTime>
<ownerDesignName>SIGEM</ownerDesignName>
<engineerTo>
<item key="95B6BC2A-F01F-1B03-1666-007ACEEF0875" value="true"/>
</engineerTo>
<adequatelyNormalized>NO</adequatelyNormalized>
<expectedVolumes>0</expectedVolumes>
<fwdEngineeringStrategyName>Single Table</fwdEngineeringStrategyName>
<growthPercent>0</growthPercent>
<growthType>Year</growthType>
<maxVolumes>9999999</maxVolumes>
<minVolumes>0</minVolumes>
<normalForm>Third</normalForm>
<attributes itemClass="oracle.dbtools.crest.model.design.logical.Attribute">
<Attribute name="id_detalle_estado" id="D961890E-FAE8-45B0-DA0C-D683549EF4D1">
<createdBy>benja</createdBy>
<createdTime>2025-05-10 02:36:09 UTC</createdTime>
<ownerDesignName>SIGEM</ownerDesignName>
<engineerTo>
<item key="95B6BC2A-F01F-1B03-1666-007ACEEF0875" value="true"/>
</engineerTo>
<useDomainConstraints>false</useDomainConstraints>
<use>1</use>
<logicalDatatype>LOGDT011</logicalDatatype>
<ownDataTypeParameters>,,</ownDataTypeParameters>
</Attribute>
<Attribute name="fecha_cambio_estado" id="64C83638-68C9-7799-82D7-43C5DFC19569">
<createdBy>benja</createdBy>
<createdTime>2025-05-10 02:36:22 UTC</createdTime>
<ownerDesignName>SIGEM</ownerDesignName>
<engineerTo>
<item key="95B6BC2A-F01F-1B03-1666-007ACEEF0875" value="true"/>
</engineerTo>
<useDomainConstraints>false</useDomainConstraints>
<use>1</use>
<logicalDatatype>LOGDT015</logicalDatatype>
<dataTypePrecision>0</dataTypePrecision>
<ownDataTypeParameters>,0,</ownDataTypeParameters>
</Attribute>
<Attribute name="motivo" id="BB33863A-8C51-7DE0-9810-59C54D044FF3">
<createdBy>benja</createdBy>
<createdTime>2025-05-10 02:37:02 UTC</createdTime>
<ownerDesignName>SIGEM</ownerDesignName>
<engineerTo>
<item key="95B6BC2A-F01F-1B03-1666-007ACEEF0875" value="true"/>
</engineerTo>
<nullsAllowed>true</nullsAllowed>
<useDomainConstraints>false</useDomainConstraints>
<use>1</use>
<logicalDatatype>LOGDT024</logicalDatatype>
<dataTypeSize>255</dataTypeSize>
<ownDataTypeParameters>255,,</ownDataTypeParameters>
</Attribute>
<Attribute name="id_estado_solicitud" id="4AF200B6-51AC-299A-35C0-6819EDF2AD91">
<createdBy>benja</createdBy>
<createdTime>2025-05-10 02:38:03 UTC</createdTime>
<generatorID>2450DC95-5B65-67BC-3A85-2BD74D1055CB</generatorID>
<ownerDesignName>SIGEM</ownerDesignName>
<engineerTo>
<item key="95B6BC2A-F01F-1B03-1666-007ACEEF0875" value="true"/>
</engineerTo>
<referedAttribute>91F6FCD5-C787-375D-534E-3C5C1C47D8DC</referedAttribute>
<useDomainConstraints>false</useDomainConstraints>
<use>1</use>
<logicalDatatype>LOGDT011</logicalDatatype>
<ownDataTypeParameters>,,</ownDataTypeParameters>
</Attribute>
<Attribute name="id_solicitud" id="3948E712-8C44-D689-B909-610B859C748E">
<createdBy>benja</createdBy>
<createdTime>2025-05-10 02:38:17 UTC</createdTime>
<generatorID>A0FEC00E-DB11-9956-DDE3-30C296F1628F</generatorID>
<ownerDesignName>SIGEM</ownerDesignName>
<engineerTo>
<item key="95B6BC2A-F01F-1B03-1666-007ACEEF0875" value="true"/>
</engineerTo>
<referedAttribute>67623104-AA79-1072-3054-A61C54A75031</referedAttribute>
<useDomainConstraints>false</useDomainConstraints>
<use>1</use>
<logicalDatatype>LOGDT011</logicalDatatype>
<ownDataTypeParameters>,,</ownDataTypeParameters>
</Attribute>
<Attribute name="id_usuario" id="263FBC77-40DE-F07B-2123-4983155FD122">
<createdBy>benja</createdBy>
<createdTime>2025-05-10 02:38:26 UTC</createdTime>
<generatorID>A3AF2A4C-4DA4-8109-7623-6485BA97D403</generatorID>
<ownerDesignName>SIGEM</ownerDesignName>
<engineerTo>
<item key="95B6BC2A-F01F-1B03-1666-007ACEEF0875" value="true"/>
</engineerTo>
<referedAttribute>81C19F27-182F-947D-AFEC-0B60CBA6FACA</referedAttribute>
<useDomainConstraints>false</useDomainConstraints>
<use>1</use>
<logicalDatatype>LOGDT011</logicalDatatype>
<ownDataTypeParameters>,,</ownDataTypeParameters>
</Attribute>
</attributes>
<identifiers itemClass="oracle.dbtools.crest.model.design.logical.CandidateKey">
<identifier id="B29B37CD-7111-D694-50CA-89452B94271E" name="detalle_solicitud PK">
<createdBy>benja</createdBy>
<createdTime>2025-05-10 02:36:22 UTC</createdTime>
<ownerDesignName>SIGEM</ownerDesignName>
<shouldEngineer>false</shouldEngineer>
<engineerTo>
<item key="95B6BC2A-F01F-1B03-1666-007ACEEF0875" value="false"/>
</engineerTo>
<pk>true</pk>
<usedAttributes>
<attributeRef>D961890E-FAE8-45B0-DA0C-D683549EF4D1</attributeRef>
</usedAttributes>
</identifier>
</identifiers>
</Entity>